-- phpMyAdmin SQL Dump
-- version 4.6.5.2
-- https://www.phpmyadmin.net/
--
-- Host: 127.0.0.1
-- Generation Time: Nov 18, 2017 at 06:09 AM
-- Server version: 10.1.21-MariaDB
-- PHP Version: 5.6.30

SET SQL_MODE = "NO_AUTO_VALUE_ON_ZERO";
SET time_zone = "+00:00";


/*!40101 SET @OLD_CHARACTER_SET_CLIENT=@@CHARACTER_SET_CLIENT */;
/*!40101 SET @OLD_CHARACTER_SET_RESULTS=@@CHARACTER_SET_RESULTS */;
/*!40101 SET @OLD_COLLATION_CONNECTION=@@COLLATION_CONNECTION */;
/*!40101 SET NAMES utf8mb4 */;

--
-- Database: `db_pl`
--

-- --------------------------------------------------------

--
-- Table structure for table `table_activity`
--

CREATE TABLE `table_activity` (
  `id` int(11) NOT NULL,
  `userId` int(11) NOT NULL,
  `activity` int(11) NOT NULL,
  `pdfId` int(11) NOT NULL,
  `dateTime` datetime NOT NULL DEFAULT CURRENT_TIMESTAMP
) ENGINE=InnoDB DEFAULT CHARSET=utf8mb4 COLLATE=utf8mb4_unicode_ci;

--
-- Dumping data for table `table_activity`
--

INSERT INTO `table_activity` (`id`, `userId`, `activity`, `pdfId`, `dateTime`) VALUES
(346, 4, 1, 1, '2017-11-17 22:26:47'),
(347, 4, 3, 1, '2017-11-17 22:26:51'),
(348, 4, 3, 1, '2017-11-17 22:26:53'),
(349, 4, 3, 1, '2017-11-17 22:26:54'),
(350, 4, 3, 1, '2017-11-17 22:26:55'),
(351, 4, 3, 1, '2017-11-17 22:26:55'),
(352, 4, 3, 1, '2017-11-17 22:26:56'),
(353, 4, 3, 1, '2017-11-17 22:26:56'),
(354, 4, 3, 1, '2017-11-17 22:26:56'),
(355, 4, 3, 1, '2017-11-17 22:26:56'),
(356, 4, 3, 1, '2017-11-17 22:26:56'),
(357, 4, 3, 1, '2017-11-17 22:26:57'),
(358, 4, 3, 1, '2017-11-17 22:26:57'),
(359, 4, 3, 1, '2017-11-17 22:26:57'),
(360, 4, 3, 1, '2017-11-17 22:26:57'),
(361, 4, 3, 1, '2017-11-17 22:26:57'),
(362, 4, 3, 1, '2017-11-17 22:26:57'),
(363, 4, 3, 1, '2017-11-17 22:26:58'),
(364, 4, 3, 1, '2017-11-17 22:26:58'),
(365, 4, 3, 1, '2017-11-17 22:26:58'),
(366, 4, 3, 1, '2017-11-17 22:26:58'),
(367, 4, 3, 1, '2017-11-17 22:26:59'),
(368, 4, 3, 1, '2017-11-17 22:26:59'),
(369, 4, 3, 1, '2017-11-17 22:26:59'),
(370, 4, 3, 1, '2017-11-17 22:26:59'),
(371, 4, 1, 1, '2017-11-17 22:27:38'),
(372, 4, 1, 1, '2017-11-17 22:27:51'),
(373, 4, 1, 1, '2017-11-17 22:28:44'),
(374, 4, 4, 1, '2017-11-17 22:28:53'),
(375, 4, 3, 1, '2017-11-17 22:28:55'),
(376, 4, 4, 1, '2017-11-17 22:29:00'),
(377, 4, 3, 1, '2017-11-17 22:29:06'),
(378, 4, 1, 1, '2017-11-17 22:29:14'),
(379, 4, 4, 1, '2017-11-17 22:30:30'),
(380, 4, 3, 1, '2017-11-17 22:30:51'),
(381, 4, 3, 1, '2017-11-17 22:30:53'),
(382, 4, 3, 1, '2017-11-17 22:30:54'),
(383, 4, 3, 1, '2017-11-17 22:31:24'),
(384, 4, 3, 1, '2017-11-17 22:31:25'),
(385, 4, 1, 1, '2017-11-17 22:32:32'),
(386, 4, 3, 1, '2017-11-17 22:32:37'),
(387, 4, 3, 1, '2017-11-17 22:32:39'),
(388, 4, 3, 1, '2017-11-17 22:32:39'),
(389, 4, 3, 1, '2017-11-17 22:32:40'),
(390, 4, 1, 1, '2017-11-17 22:33:01'),
(391, 4, 3, 1, '2017-11-17 22:33:08'),
(392, 4, 1, 1, '2017-11-17 22:33:47'),
(393, 4, 3, 1, '2017-11-17 22:33:55'),
(394, 4, 1, 1, '2017-11-17 22:34:11'),
(395, 4, 3, 1, '2017-11-17 22:34:18'),
(396, 4, 1, 1, '2017-11-17 22:34:47'),
(397, 4, 3, 1, '2017-11-17 22:34:56'),
(398, 4, 4, 1, '2017-11-17 22:34:57'),
(399, 4, 3, 1, '2017-11-17 22:34:59'),
(400, 4, 4, 1, '2017-11-17 22:35:00'),
(401, 4, 3, 1, '2017-11-17 22:35:00'),
(402, 4, 4, 1, '2017-11-17 22:35:01'),
(403, 4, 3, 1, '2017-11-17 22:35:01'),
(404, 4, 4, 1, '2017-11-17 22:35:01'),
(405, 4, 3, 1, '2017-11-17 22:35:02'),
(406, 4, 4, 1, '2017-11-17 22:35:02'),
(407, 4, 3, 1, '2017-11-17 22:35:04'),
(408, 4, 4, 1, '2017-11-17 22:35:04'),
(409, 4, 3, 1, '2017-11-17 22:35:05'),
(410, 4, 4, 1, '2017-11-17 22:35:05'),
(411, 4, 3, 1, '2017-11-17 22:35:06'),
(412, 4, 4, 1, '2017-11-17 22:35:06'),
(413, 4, 3, 1, '2017-11-17 22:35:07'),
(414, 4, 4, 1, '2017-11-17 22:35:07'),
(415, 4, 4, 1, '2017-11-17 22:35:07'),
(416, 4, 3, 1, '2017-11-17 22:35:12'),
(417, 4, 4, 1, '2017-11-17 22:35:12'),
(418, 4, 3, 1, '2017-11-17 22:35:13'),
(419, 4, 4, 1, '2017-11-17 22:35:13'),
(420, 4, 3, 1, '2017-11-17 22:35:14'),
(421, 4, 4, 1, '2017-11-17 22:35:15'),
(422, 4, 3, 1, '2017-11-17 22:35:17'),
(423, 4, 4, 1, '2017-11-17 22:35:17'),
(424, 4, 3, 1, '2017-11-17 22:35:18'),
(425, 4, 4, 1, '2017-11-17 22:35:18'),
(426, 4, 1, 1, '2017-11-17 22:35:23'),
(427, 4, 1, 1, '2017-11-17 22:35:43'),
(428, 4, 1, 1, '2017-11-17 22:36:12'),
(429, 4, 1, 1, '2017-11-17 22:36:31'),
(430, 4, 1, 1, '2017-11-17 22:36:46'),
(431, 4, 1, 1, '2017-11-17 22:37:19'),
(432, 4, 4, 1, '2017-11-17 22:37:31'),
(433, 4, 4, 1, '2017-11-17 22:37:31'),
(434, 4, 1, 1, '2017-11-17 22:46:19'),
(435, 4, 1, 1, '2017-11-17 22:47:04'),
(436, 4, 1, 1, '2017-11-17 22:49:30'),
(437, 4, 1, 1, '2017-11-17 22:50:19'),
(438, 4, 1, 1, '2017-11-17 22:50:38'),
(439, 4, 4, 1, '2017-11-17 22:50:44'),
(440, 4, 1, 1, '2017-11-17 22:51:05'),
(441, 4, 4, 1, '2017-11-17 22:51:08'),
(442, 4, 1, 2, '2017-11-17 22:52:26'),
(443, 4, 4, 2, '2017-11-17 22:52:31'),
(444, 4, 5, 2, '2017-11-17 22:52:34'),
(445, 4, 1, 2, '2017-11-17 22:55:39'),
(446, 4, 5, 2, '2017-11-17 22:55:44'),
(447, 4, 5, 2, '2017-11-17 22:55:47'),
(448, 4, 5, 2, '2017-11-17 22:55:48'),
(449, 4, 5, 2, '2017-11-17 22:55:48'),
(450, 4, 1, 2, '2017-11-17 22:56:18'),
(451, 4, 1, 2, '2017-11-17 22:56:50'),
(452, 4, 5, 2, '2017-11-17 22:56:54'),
(453, 4, 3, 2, '2017-11-17 22:56:57'),
(454, 4, 4, 2, '2017-11-17 22:56:58'),
(455, 4, 1, 2, '2017-11-17 22:58:48'),
(456, 4, 5, 2, '2017-11-17 22:58:51'),
(457, 4, 1, 2, '2017-11-17 23:01:10'),
(458, 4, 1, 2, '2017-11-17 23:03:47'),
(459, 4, 1, 2, '2017-11-17 23:04:37'),
(460, 4, 1, 2, '2017-11-17 23:05:08'),
(461, 4, 1, 2, '2017-11-17 23:05:16'),
(462, 4, 3, 2, '2017-11-17 23:05:21'),
(463, 4, 4, 2, '2017-11-17 23:05:23'),
(464, 4, 3, 2, '2017-11-17 23:05:28'),
(465, 4, 4, 2, '2017-11-17 23:05:29'),
(466, 4, 5, 2, '2017-11-17 23:05:30'),
(467, 4, 3, 2, '2017-11-17 23:05:32'),
(468, 4, 4, 2, '2017-11-17 23:05:42'),
(469, 4, 3, 2, '2017-11-17 23:05:43'),
(470, 4, 4, 2, '2017-11-17 23:05:43'),
(471, 4, 3, 2, '2017-11-17 23:05:45'),
(472, 4, 4, 2, '2017-11-17 23:05:46'),
(473, 4, 3, 2, '2017-11-17 23:05:47'),
(474, 4, 4, 2, '2017-11-17 23:05:49'),
(475, 4, 1, 2, '2017-11-17 23:05:51'),
(476, 4, 3, 2, '2017-11-17 23:05:56'),
(477, 4, 4, 2, '2017-11-17 23:05:59'),
(478, 4, 1, 2, '2017-11-17 23:06:01'),
(479, 4, 4, 2, '2017-11-17 23:06:04'),
(480, 4, 5, 2, '2017-11-17 23:06:07'),
(481, 4, 1, 2, '2017-11-17 23:06:30'),
(482, 4, 1, 2, '2017-11-17 23:07:05'),
(483, 4, 1, 2, '2017-11-17 23:08:30'),
(484, 4, 1, 6, '2017-11-17 23:15:35'),
(485, 0, 1, 6, '2017-11-17 23:25:50'),
(486, 0, 1, 6, '2017-11-17 23:25:50'),
(487, 0, 1, 8, '2017-11-17 23:31:02'),
(488, 2, 1, 8, '2017-11-17 23:31:18'),
(489, 2, 1, 8, '2017-11-17 23:35:20'),
(490, 2, 3, 8, '2017-11-17 23:35:26'),
(491, 2, 4, 8, '2017-11-17 23:35:27'),
(492, 2, 5, 8, '2017-11-17 23:35:28'),
(493, 2, 1, 8, '2017-11-17 23:36:09'),
(494, 2, 3, 8, '2017-11-17 23:36:14'),
(495, 2, 1, 8, '2017-11-17 23:36:22'),
(496, 2, 1, 8, '2017-11-18 00:13:00'),
(497, 2, 1, 8, '2017-11-18 00:15:23'),
(498, 0, 2, 8, '2017-11-18 00:15:25'),
(499, 2, 1, 8, '2017-11-18 00:15:57'),
(500, 0, 2, 8, '2017-11-18 00:16:00'),
(501, 2, 1, 8, '2017-11-18 00:19:03'),
(502, 2, 2, 8, '2017-11-18 00:19:05'),
(503, 2, 1, 2, '2017-11-18 00:24:00'),
(504, 2, 2, 2, '2017-11-18 00:24:02'),
(505, 2, 1, 1, '2017-11-18 01:31:43'),
(506, 2, 1, 6, '2017-11-18 10:24:08'),
(507, 2, 1, 6, '2017-11-18 10:40:52'),
(508, 2, 1, 2, '2017-11-18 10:42:28'),
(509, 2, 1, 2, '2017-11-18 10:44:03'),
(510, 2, 1, 2, '2017-11-18 10:44:45'),
(511, 2, 1, 2, '2017-11-18 10:46:26'),
(512, 2, 1, 2, '2017-11-18 10:47:37'),
(513, 2, 1, 2, '2017-11-18 10:48:07'),
(514, 2, 1, 2, '2017-11-18 10:48:34'),
(515, 2, 1, 2, '2017-11-18 10:48:51'),
(516, 2, 1, 2, '2017-11-18 10:48:55');

-- --------------------------------------------------------

--
-- Table structure for table `table_contact`
--

CREATE TABLE `table_contact` (
  `id` int(11) NOT NULL,
  `name` varchar(255) COLLATE utf8mb4_unicode_ci NOT NULL,
  `email` varchar(255) COLLATE utf8mb4_unicode_ci NOT NULL,
  `message` text COLLATE utf8mb4_unicode_ci NOT NULL,
  `seen` enum('0','1','2','3') COLLATE utf8mb4_unicode_ci NOT NULL DEFAULT '0',
  `time` datetime NOT NULL DEFAULT CURRENT_TIMESTAMP
) ENGINE=InnoDB DEFAULT CHARSET=utf8mb4 COLLATE=utf8mb4_unicode_ci;

--
-- Dumping data for table `table_contact`
--

INSERT INTO `table_contact` (`id`, `name`, `email`, `message`, `seen`, `time`) VALUES
(1, 'axaXSA', 'aaa@aa.aa', 'aSAsasasas', '1', '2017-11-16 21:45:19'),
(2, 'XattaTrone', 'axcasa@ss.ss', 'Lorem ipsum dolor sit amet, consectetur adipisicing elit. Totam vero officia eum illum doloribus aperiam eligendi magni cumque nemo! Nihil dicta quas odio rem, expedita, repudiandae ipsa. Fugiat ipsa quos similique, possimus, modi harum voluptate. Numquam, tempora, debitis quidem temporibus ullam dicta recusandae incidunt quis nihil, possimus culpa. Distinctio, ullam, iusto. Non asperiores ipsam distinctio beatae eaque recusandae tenetur ex delectus laboriosam a, ea doloremque similique quidem nisi inventore unde expedita odio, numquam quia, vel? Quibusdam ipsa excepturi exercitationem, deserunt provident molestias aspernatur, rem voluptatum vero explicabo mollitia optio veniam. Sunt dolorum tempore at corrupti officiis illum totam. Saepe, impedit.', '1', '2017-11-16 22:09:12');

-- --------------------------------------------------------

--
-- Table structure for table `table_dislike`
--

CREATE TABLE `table_dislike` (
  `id` int(11) NOT NULL,
  `pdfId` int(111) NOT NULL,
  `userId` int(111) NOT NULL,
  `time` datetime NOT NULL DEFAULT CURRENT_TIMESTAMP
) ENGINE=InnoDB DEFAULT CHARSET=utf8mb4 COLLATE=utf8mb4_unicode_ci;

--
-- Dumping data for table `table_dislike`
--

INSERT INTO `table_dislike` (`id`, `pdfId`, `userId`, `time`) VALUES
(75, 1, 4, '2017-11-17 22:35:18'),
(76, 1, 4, '2017-11-17 22:37:31'),
(77, 1, 4, '2017-11-17 22:37:31'),
(86, 2, 4, '2017-11-17 23:05:58'),
(87, 2, 4, '2017-11-17 23:06:04');

-- --------------------------------------------------------

--
-- Table structure for table `table_download`
--

CREATE TABLE `table_download` (
  `id` int(11) NOT NULL,
  `pdfId` int(111) NOT NULL,
  `userId` int(111) NOT NULL,
  `time` datetime NOT NULL DEFAULT CURRENT_TIMESTAMP
) ENGINE=InnoDB DEFAULT CHARSET=utf8mb4 COLLATE=utf8mb4_unicode_ci;

--
-- Dumping data for table `table_download`
--

INSERT INTO `table_download` (`id`, `pdfId`, `userId`, `time`) VALUES
(1, 2, 2, '2017-11-18 00:24:02');

-- --------------------------------------------------------

--
-- Table structure for table `table_like`
--

CREATE TABLE `table_like` (
  `id` int(11) NOT NULL,
  `pdfId` int(11) NOT NULL,
  `userId` int(11) NOT NULL,
  `time` datetime NOT NULL DEFAULT CURRENT_TIMESTAMP
) ENGINE=InnoDB DEFAULT CHARSET=utf8mb4 COLLATE=utf8mb4_unicode_ci;

--
-- Dumping data for table `table_like`
--

INSERT INTO `table_like` (`id`, `pdfId`, `userId`, `time`) VALUES
(243, 8, 2, '2017-11-17 23:36:14');

-- --------------------------------------------------------

--
-- Table structure for table `table_love`
--

CREATE TABLE `table_love` (
  `id` int(11) NOT NULL,
  `pdfId` int(111) NOT NULL,
  `userId` int(111) NOT NULL,
  `time` datetime NOT NULL DEFAULT CURRENT_TIMESTAMP
) ENGINE=InnoDB DEFAULT CHARSET=utf8mb4 COLLATE=utf8mb4_unicode_ci;

--
-- Dumping data for table `table_love`
--

INSERT INTO `table_love` (`id`, `pdfId`, `userId`, `time`) VALUES
(5, 2, 4, '2017-11-17 22:52:34'),
(6, 2, 4, '2017-11-17 22:55:44'),
(7, 2, 4, '2017-11-17 22:55:47'),
(8, 2, 4, '2017-11-17 22:55:47'),
(9, 2, 4, '2017-11-17 22:55:48'),
(10, 2, 4, '2017-11-17 22:56:53'),
(11, 2, 4, '2017-11-17 22:58:51'),
(12, 2, 4, '2017-11-17 23:05:30'),
(13, 2, 4, '2017-11-17 23:06:07'),
(14, 8, 2, '2017-11-17 23:35:28');

-- --------------------------------------------------------

--
-- Table structure for table `table_newsletter`
--

CREATE TABLE `table_newsletter` (
  `id` int(11) NOT NULL,
  `email` varchar(255) COLLATE utf8mb4_unicode_ci NOT NULL
) ENGINE=InnoDB DEFAULT CHARSET=utf8mb4 COLLATE=utf8mb4_unicode_ci;

--
-- Dumping data for table `table_newsletter`
--

INSERT INTO `table_newsletter` (`id`, `email`) VALUES
(1, 'xatt@aa.a'),
(2, 'xatt@aa.a'),
(3, 'cc@cc.cc'),
(4, 'cc@cc.cc'),
(5, 'xatta@xatta.ss'),
(6, 'xatta@xatta.ss');

-- --------------------------------------------------------

--
-- Table structure for table `table_pdf`
--

CREATE TABLE `table_pdf` (
  `id` int(11) NOT NULL,
  `pdfName` varchar(255) COLLATE utf8mb4_unicode_ci NOT NULL,
  `pdfCategory` int(11) NOT NULL,
  `pdfImage` varchar(255) COLLATE utf8mb4_unicode_ci NOT NULL,
  `pdfDescription` text COLLATE utf8mb4_unicode_ci NOT NULL,
  `uploader` int(10) NOT NULL,
  `uploadTime` datetime NOT NULL DEFAULT CURRENT_TIMESTAMP,
  `download` int(100) NOT NULL DEFAULT '0',
  `view` int(111) DEFAULT '0',
  `likes` int(111) NOT NULL DEFAULT '0',
  `dislikes` int(111) DEFAULT '0',
  `love` int(111) NOT NULL DEFAULT '0'
) ENGINE=InnoDB DEFAULT CHARSET=utf8mb4 COLLATE=utf8mb4_unicode_ci;

--
-- Dumping data for table `table_pdf`
--

INSERT INTO `table_pdf` (`id`, `pdfName`, `pdfCategory`, `pdfImage`, `pdfDescription`, `uploader`, `uploadTime`, `download`, `view`, `likes`, `dislikes`, `love`) VALUES
(1, 'pdf1', 2, '8c22e90226.jpg', 'pdf1', 1, '2017-11-16 11:29:05', 23, 61, 38, 3, 0),
(2, 'pdf2', 3, '51adc549ff.jpg', 'pdf2', 1, '2017-11-16 11:29:22', 13, 37, 68, 2, 8),
(5, 'eeeee', 4, '7b13a7a428.jpg', 'zXZXzXzX', 1, '2017-11-16 14:39:36', 12, 9, 2, 1, 0),
(6, 'efegv', 4, '0ffa34fbb4.jpg', 'fdfsdsdfd', 1, '2017-11-16 14:41:00', 22, 26, 12, 2, 0),
(7, 'cxvcx', 2, '2a17e84ce5.jpg', 'c vcv  vc vcv', 1, '2017-11-17 12:52:28', 9, 45, 0, 3, 0),
(8, 'PL tutorial', 2, 'c962bd115b.jpg', 'PL tutorrilas weebly', 1, '2017-11-17 23:28:14', 5, 9, 1, 0, 1);

-- --------------------------------------------------------

--
-- Table structure for table `table_subject`
--

CREATE TABLE `table_subject` (
  `id` int(11) NOT NULL,
  `subName` varchar(255) COLLATE utf8mb4_unicode_ci NOT NULL,
  `subCode` varchar(10) COLLATE utf8mb4_unicode_ci NOT NULL
) ENGINE=InnoDB DEFAULT CHARSET=utf8mb4 COLLATE=utf8mb4_unicode_ci;

--
-- Dumping data for table `table_subject`
--

INSERT INTO `table_subject` (`id`, `subName`, `subCode`) VALUES
(2, 'sub 2', 'ce 2'),
(3, 'sub 3', 'ce 3'),
(4, 'sub 4', 'ce 4');

-- --------------------------------------------------------

--
-- Table structure for table `table_viewedby`
--

CREATE TABLE `table_viewedby` (
  `id` int(11) NOT NULL,
  `userId` int(11) NOT NULL,
  `pdfId` int(11) NOT NULL,
  `viewTime` datetime NOT NULL DEFAULT CURRENT_TIMESTAMP
) ENGINE=InnoDB DEFAULT CHARSET=utf8mb4 COLLATE=utf8mb4_unicode_ci;

--
-- Dumping data for table `table_viewedby`
--

INSERT INTO `table_viewedby` (`id`, `userId`, `pdfId`, `viewTime`) VALUES
(1, 1, 1, '2017-11-16 20:01:38'),
(2, 0, 0, '2017-11-16 20:01:46'),
(3, 2, 1, '2017-11-16 20:02:06'),
(4, 2, 1, '2017-11-16 20:02:27'),
(5, 0, 0, '2017-11-16 20:02:39'),
(6, 3, 2, '2017-11-16 20:03:52'),
(7, 1, 6, '2017-11-16 20:04:42'),
(8, 1, 6, '2017-11-16 20:23:47'),
(9, 0, 0, '2017-11-16 20:24:25'),
(10, 3, 1, '2017-11-16 20:24:37'),
(11, 1, 1, '2017-11-16 20:37:39'),
(12, 1, 2, '2017-11-16 20:37:43'),
(13, 1, 6, '2017-11-16 20:37:46'),
(14, 1, 5, '2017-11-16 20:37:50'),
(15, 1, 6, '2017-11-16 20:57:20'),
(16, 1, 6, '2017-11-16 20:57:23'),
(17, 1, 6, '2017-11-16 20:57:25'),
(18, 1, 6, '2017-11-16 20:57:29'),
(19, 1, 1, '2017-11-16 21:18:53'),
(20, 1, 6, '2017-11-16 21:19:42'),
(21, 1, 6, '2017-11-16 23:28:23'),
(22, 0, 0, '2017-11-16 23:32:21'),
(23, 0, 0, '2017-11-16 23:33:37'),
(24, 0, 0, '2017-11-17 12:51:00'),
(25, 1, 6, '2017-11-17 12:51:17'),
(26, 1, 6, '2017-11-17 12:51:48'),
(27, 1, 7, '2017-11-17 12:53:00'),
(28, 1, 0, '2017-11-17 13:45:20'),
(29, 1, 7, '2017-11-17 13:45:35'),
(30, 1, 7, '2017-11-17 13:47:24'),
(31, 1, 7, '2017-11-17 14:08:20'),
(32, 1, 7, '2017-11-17 14:17:18'),
(33, 1, 7, '2017-11-17 14:18:49'),
(34, 1, 7, '2017-11-17 14:19:21'),
(35, 1, 7, '2017-11-17 14:22:52'),
(36, 1, 7, '2017-11-17 14:23:16'),
(37, 1, 7, '2017-11-17 14:24:45'),
(38, 1, 7, '2017-11-17 14:26:47'),
(39, 1, 7, '2017-11-17 14:27:54'),
(40, 1, 7, '2017-11-17 14:28:45'),
(41, 1, 7, '2017-11-17 14:29:17'),
(42, 1, 7, '2017-11-17 14:30:36'),
(43, 1, 7, '2017-11-17 14:31:38'),
(44, 1, 7, '2017-11-17 14:32:41'),
(45, 1, 7, '2017-11-17 14:33:55'),
(46, 1, 7, '2017-11-17 14:34:51'),
(47, 1, 7, '2017-11-17 14:35:52'),
(48, 1, 7, '2017-11-17 14:35:55'),
(49, 1, 7, '2017-11-17 14:36:51'),
(50, 2, 7, '2017-11-17 14:48:51'),
(51, 1, 7, '2017-11-17 15:02:07'),
(52, 1, 7, '2017-11-17 15:03:50'),
(53, 1, 7, '2017-11-17 15:04:46'),
(54, 1, 7, '2017-11-17 15:06:34'),
(55, 1, 7, '2017-11-17 15:09:36'),
(56, 1, 7, '2017-11-17 15:11:14'),
(57, 1, 7, '2017-11-17 15:13:44'),
(58, 1, 7, '2017-11-17 15:15:06'),
(59, 1, 7, '2017-11-17 15:15:51'),
(60, 1, 7, '2017-11-17 15:16:28'),
(61, 1, 7, '2017-11-17 15:16:35'),
(62, 1, 7, '2017-11-17 15:16:56'),
(63, 1, 7, '2017-11-17 15:18:36'),
(64, 1, 7, '2017-11-17 15:19:20'),
(65, 1, 7, '2017-11-17 15:20:37'),
(66, 1, 7, '2017-11-17 15:22:06'),
(67, 1, 7, '2017-11-17 15:23:13'),
(68, 1, 7, '2017-11-17 15:24:31'),
(69, 1, 7, '2017-11-17 15:25:11'),
(70, 1, 7, '2017-11-17 15:32:51'),
(71, 1, 7, '2017-11-17 15:33:18'),
(72, 1, 7, '2017-11-17 15:35:10'),
(73, 1, 7, '2017-11-17 15:38:55'),
(74, 1, 7, '2017-11-17 15:40:34'),
(75, 1, 7, '2017-11-17 15:40:41'),
(76, 1, 7, '2017-11-17 15:49:51'),
(77, 1, 7, '2017-11-17 15:50:51'),
(78, 1, 7, '2017-11-17 15:51:50'),
(79, 1, 7, '2017-11-17 15:52:03'),
(80, 1, 7, '2017-11-17 15:58:08'),
(81, 1, 7, '2017-11-17 15:59:17'),
(82, 1, 7, '2017-11-17 15:59:50'),
(83, 1, 7, '2017-11-17 16:01:34'),
(84, 1, 7, '2017-11-17 16:02:13'),
(85, 1, 7, '2017-11-17 16:03:37'),
(86, 1, 7, '2017-11-17 16:05:22'),
(87, 1, 7, '2017-11-17 16:12:14'),
(88, 1, 7, '2017-11-17 16:13:58'),
(89, 1, 7, '2017-11-17 16:16:58'),
(90, 1, 7, '2017-11-17 16:18:06'),
(91, 1, 7, '2017-11-17 16:24:03'),
(92, 1, 7, '2017-11-17 16:26:24'),
(93, 1, 7, '2017-11-17 16:30:25'),
(94, 1, 7, '2017-11-17 16:34:57'),
(95, 1, 7, '2017-11-17 16:35:53'),
(96, 1, 7, '2017-11-17 16:36:39'),
(97, 1, 7, '2017-11-17 16:36:59'),
(98, 1, 7, '2017-11-17 16:37:41'),
(99, 1, 7, '2017-11-17 16:38:01'),
(100, 1, 7, '2017-11-17 16:41:04'),
(101, 1, 7, '2017-11-17 16:41:49'),
(102, 1, 7, '2017-11-17 16:41:54'),
(103, 1, 7, '2017-11-17 16:43:09'),
(104, 1, 7, '2017-11-17 16:43:35'),
(105, 1, 7, '2017-11-17 16:44:29'),
(106, 1, 7, '2017-11-17 16:46:38'),
(107, 1, 7, '2017-11-17 16:47:33'),
(108, 1, 7, '2017-11-17 16:49:09'),
(109, 1, 7, '2017-11-17 16:51:14'),
(110, 1, 7, '2017-11-17 16:52:08'),
(111, 1, 7, '2017-11-17 16:52:15'),
(112, 1, 7, '2017-11-17 16:52:41'),
(113, 0, 7, '2017-11-17 16:53:57'),
(114, 3, 1, '2017-11-17 16:54:19'),
(115, 3, 7, '2017-11-17 16:54:37'),
(116, 1, 7, '2017-11-17 16:55:00'),
(117, 1, 2, '2017-11-17 16:55:05'),
(118, 1, 2, '2017-11-17 16:58:25'),
(119, 1, 2, '2017-11-17 17:00:13'),
(120, 1, 2, '2017-11-17 17:00:27'),
(121, 1, 2, '2017-11-17 17:01:49'),
(122, 3, 7, '2017-11-17 17:02:21'),
(123, 3, 7, '2017-11-17 17:02:28'),
(124, 3, 7, '2017-11-17 17:02:29'),
(125, 3, 2, '2017-11-17 17:02:37'),
(126, 3, 2, '2017-11-17 17:05:00'),
(127, 2, 2, '2017-11-17 17:05:41'),
(128, 2, 5, '2017-11-17 17:05:47'),
(129, 3, 6, '2017-11-17 17:06:59'),
(130, 4, 6, '2017-11-17 17:08:26'),
(131, 4, 1, '2017-11-17 17:12:07'),
(132, 4, 1, '2017-11-17 17:14:04'),
(133, 4, 1, '2017-11-17 17:14:37'),
(134, 4, 1, '2017-11-17 17:15:01'),
(135, 4, 1, '2017-11-17 17:36:18'),
(136, 4, 1, '2017-11-17 17:36:36'),
(137, 4, 1, '2017-11-17 17:52:17'),
(138, 4, 1, '2017-11-17 17:53:05'),
(139, 4, 1, '2017-11-17 17:53:51'),
(140, 4, 1, '2017-11-17 17:54:13'),
(141, 4, 1, '2017-11-17 17:55:10'),
(142, 4, 5, '2017-11-17 17:59:01'),
(143, 4, 7, '2017-11-17 18:05:32'),
(144, 4, 7, '2017-11-17 18:06:23'),
(145, 4, 7, '2017-11-17 18:07:41'),
(146, 4, 7, '2017-11-17 18:09:42'),
(147, 4, 7, '2017-11-17 18:13:28'),
(148, 4, 7, '2017-11-17 18:13:44'),
(149, 4, 7, '2017-11-17 18:17:39'),
(150, 4, 7, '2017-11-17 18:18:00'),
(151, 4, 7, '2017-11-17 18:18:26'),
(152, 4, 7, '2017-11-17 18:21:44'),
(153, 4, 7, '2017-11-17 18:26:11'),
(154, 4, 7, '2017-11-17 18:32:34'),
(155, 4, 7, '2017-11-17 18:35:06'),
(156, 4, 7, '2017-11-17 18:44:20'),
(157, 4, 7, '2017-11-17 18:47:32'),
(158, 4, 7, '2017-11-17 18:48:26'),
(159, 4, 7, '2017-11-17 18:51:49'),
(160, 4, 7, '2017-11-17 18:53:16'),
(161, 4, 7, '2017-11-17 18:53:57'),
(162, 4, 7, '2017-11-17 18:55:25'),
(163, 4, 7, '2017-11-17 18:56:59'),
(164, 4, 7, '2017-11-17 18:57:15'),
(165, 4, 7, '2017-11-17 19:00:03'),
(166, 4, 7, '2017-11-17 19:01:41'),
(167, 4, 7, '2017-11-17 19:04:05'),
(168, 4, 7, '2017-11-17 19:04:46'),
(169, 4, 7, '2017-11-17 19:05:30'),
(170, 4, 7, '2017-11-17 19:05:39'),
(171, 4, 7, '2017-11-17 19:05:58'),
(172, 4, 7, '2017-11-17 19:06:12'),
(173, 4, 7, '2017-11-17 19:07:37'),
(174, 4, 7, '2017-11-17 19:07:49'),
(175, 4, 7, '2017-11-17 19:08:41'),
(176, 4, 7, '2017-11-17 19:08:46'),
(177, 4, 7, '2017-11-17 19:09:07'),
(178, 4, 7, '2017-11-17 19:09:37'),
(179, 4, 7, '2017-11-17 19:11:05'),
(180, 4, 7, '2017-11-17 19:12:03'),
(181, 4, 7, '2017-11-17 19:12:10'),
(182, 4, 7, '2017-11-17 19:12:58'),
(183, 4, 7, '2017-11-17 19:13:54'),
(184, 4, 7, '2017-11-17 19:14:29'),
(185, 4, 7, '2017-11-17 19:14:44'),
(186, 4, 7, '2017-11-17 19:16:03'),
(187, 4, 7, '2017-11-17 19:17:49'),
(188, 4, 7, '2017-11-17 19:18:26'),
(189, 4, 7, '2017-11-17 19:18:48'),
(190, 4, 7, '2017-11-17 19:19:45'),
(191, 4, 7, '2017-11-17 19:20:02'),
(192, 4, 7, '2017-11-17 19:23:01'),
(193, 4, 7, '2017-11-17 19:23:31'),
(194, 4, 7, '2017-11-17 19:24:38'),
(195, 4, 7, '2017-11-17 19:25:41'),
(196, 4, 6, '2017-11-17 19:27:56'),
(197, 3, 6, '2017-11-17 19:29:02'),
(198, 3, 6, '2017-11-17 19:29:04'),
(199, 4, 1, '2017-11-17 22:08:55'),
(200, 4, 1, '2017-11-17 22:09:48'),
(201, 4, 1, '2017-11-17 22:12:38'),
(202, 4, 1, '2017-11-17 22:14:11'),
(203, 4, 1, '2017-11-17 22:14:19'),
(204, 4, 1, '2017-11-17 22:14:38'),
(205, 4, 1, '2017-11-17 22:15:01'),
(206, 4, 1, '2017-11-17 22:15:44'),
(207, 4, 1, '2017-11-17 22:19:01'),
(208, 4, 1, '2017-11-17 22:20:06'),
(209, 4, 1, '2017-11-17 22:20:27'),
(210, 4, 1, '2017-11-17 22:20:52'),
(211, 4, 1, '2017-11-17 22:21:55'),
(212, 4, 1, '2017-11-17 22:22:13'),
(213, 4, 1, '2017-11-17 22:22:18'),
(214, 4, 1, '2017-11-17 22:23:18'),
(215, 4, 1, '2017-11-17 22:25:20'),
(216, 4, 1, '2017-11-17 22:26:47'),
(217, 4, 1, '2017-11-17 22:27:38'),
(218, 4, 1, '2017-11-17 22:27:52'),
(219, 4, 1, '2017-11-17 22:28:44'),
(220, 4, 1, '2017-11-17 22:29:14'),
(221, 4, 1, '2017-11-17 22:32:33'),
(222, 4, 1, '2017-11-17 22:33:01'),
(223, 4, 1, '2017-11-17 22:33:47'),
(224, 4, 1, '2017-11-17 22:34:11'),
(225, 4, 1, '2017-11-17 22:34:47'),
(226, 4, 1, '2017-11-17 22:35:23'),
(227, 4, 1, '2017-11-17 22:35:43'),
(228, 4, 1, '2017-11-17 22:36:12'),
(229, 4, 1, '2017-11-17 22:36:31'),
(230, 4, 1, '2017-11-17 22:36:46'),
(231, 4, 1, '2017-11-17 22:37:19'),
(232, 4, 1, '2017-11-17 22:46:19'),
(233, 4, 1, '2017-11-17 22:47:04'),
(234, 4, 1, '2017-11-17 22:49:30'),
(235, 4, 1, '2017-11-17 22:50:19'),
(236, 4, 1, '2017-11-17 22:50:38'),
(237, 4, 1, '2017-11-17 22:51:05'),
(238, 4, 2, '2017-11-17 22:52:26'),
(239, 4, 2, '2017-11-17 22:55:39'),
(240, 4, 2, '2017-11-17 22:56:18'),
(241, 4, 2, '2017-11-17 22:56:51'),
(242, 4, 2, '2017-11-17 22:58:48'),
(243, 4, 2, '2017-11-17 23:01:10'),
(244, 4, 2, '2017-11-17 23:03:47'),
(245, 4, 2, '2017-11-17 23:04:37'),
(246, 4, 2, '2017-11-17 23:05:08'),
(247, 4, 2, '2017-11-17 23:05:16'),
(248, 4, 2, '2017-11-17 23:05:51'),
(249, 4, 2, '2017-11-17 23:06:01'),
(250, 4, 2, '2017-11-17 23:06:30'),
(251, 4, 2, '2017-11-17 23:07:05'),
(252, 4, 2, '2017-11-17 23:08:30'),
(253, 4, 6, '2017-11-17 23:15:35'),
(254, 0, 6, '2017-11-17 23:25:50'),
(255, 0, 6, '2017-11-17 23:25:50'),
(256, 0, 8, '2017-11-17 23:31:02'),
(257, 2, 8, '2017-11-17 23:31:18'),
(258, 2, 8, '2017-11-17 23:35:20'),
(259, 2, 8, '2017-11-17 23:36:09'),
(260, 2, 8, '2017-11-17 23:36:22'),
(261, 2, 8, '2017-11-18 00:13:00'),
(262, 2, 8, '2017-11-18 00:15:23'),
(263, 2, 8, '2017-11-18 00:15:57'),
(264, 2, 8, '2017-11-18 00:19:03'),
(265, 2, 2, '2017-11-18 00:24:00'),
(266, 2, 1, '2017-11-18 01:31:43'),
(267, 2, 6, '2017-11-18 10:24:08'),
(268, 2, 6, '2017-11-18 10:40:52'),
(269, 2, 2, '2017-11-18 10:42:28'),
(270, 2, 2, '2017-11-18 10:44:03'),
(271, 2, 2, '2017-11-18 10:44:45'),
(272, 2, 2, '2017-11-18 10:46:26'),
(273, 2, 2, '2017-11-18 10:47:37'),
(274, 2, 2, '2017-11-18 10:48:07'),
(275, 2, 2, '2017-11-18 10:48:34'),
(276, 2, 2, '2017-11-18 10:48:51'),
(277, 2, 2, '2017-11-18 10:48:55');

-- --------------------------------------------------------

--
-- Table structure for table `user_list`
--

CREATE TABLE `user_list` (
  `id` int(11) NOT NULL,
  `studentId` int(7) NOT NULL,
  `name` varchar(255) COLLATE utf8mb4_unicode_ci NOT NULL,
  `email` varchar(255) COLLATE utf8mb4_unicode_ci NOT NULL,
  `password` varchar(255) COLLATE utf8mb4_unicode_ci NOT NULL,
  `isAdmin` tinyint(1) NOT NULL,
  `joinDate` datetime NOT NULL DEFAULT CURRENT_TIMESTAMP
) ENGINE=InnoDB DEFAULT CHARSET=utf8mb4 COLLATE=utf8mb4_unicode_ci;

--
-- Dumping data for table `user_list`
--

INSERT INTO `user_list` (`id`, `studentId`, `name`, `email`, `password`, `isAdmin`, `joinDate`) VALUES
(1, 1404143, 'XattaTrone', 'xatta@xatta.xatta', '827ccb0eea8a706c4c34a16891f84e7b', 1, '2017-11-14 00:00:00'),
(2, 1404196, 'ABC ', 'aa@aa.aa', '81dc9bdb52d04dc20036dbd8313ed055', 0, '2017-11-14 00:00:00'),
(3, 1404195, 'Xata Trone', 'xatta.trone2@gmail.com', '81dc9bdb52d04dc20036dbd8313ed055', 1, '2017-11-16 12:23:26'),
(5, 1404131, 'Xatta 2', 'xatta@xatta.ss', '81dc9bdb52d04dc20036dbd8313ed055', 0, '2017-11-17 17:07:44');

--
-- Indexes for dumped tables
--

--
-- Indexes for table `table_activity`
--
ALTER TABLE `table_activity`
  ADD PRIMARY KEY (`id`);

--
-- Indexes for table `table_contact`
--
ALTER TABLE `table_contact`
  ADD PRIMARY KEY (`id`);

--
-- Indexes for table `table_dislike`
--
ALTER TABLE `table_dislike`
  ADD PRIMARY KEY (`id`);

--
-- Indexes for table `table_download`
--
ALTER TABLE `table_download`
  ADD PRIMARY KEY (`id`);

--
-- Indexes for table `table_like`
--
ALTER TABLE `table_like`
  ADD PRIMARY KEY (`id`);

--
-- Indexes for table `table_love`
--
ALTER TABLE `table_love`
  ADD PRIMARY KEY (`id`);

--
-- Indexes for table `table_newsletter`
--
ALTER TABLE `table_newsletter`
  ADD PRIMARY KEY (`id`);

--
-- Indexes for table `table_pdf`
--
ALTER TABLE `table_pdf`
  ADD PRIMARY KEY (`id`);

--
-- Indexes for table `table_subject`
--
ALTER TABLE `table_subject`
  ADD PRIMARY KEY (`id`);

--
-- Indexes for table `table_viewedby`
--
ALTER TABLE `table_viewedby`
  ADD PRIMARY KEY (`id`);

--
-- Indexes for table `user_list`
--
ALTER TABLE `user_list`
  ADD PRIMARY KEY (`id`);

--
-- AUTO_INCREMENT for dumped tables
--

--
-- AUTO_INCREMENT for table `table_activity`
--
ALTER TABLE `table_activity`
  MODIFY `id` int(11) NOT NULL AUTO_INCREMENT, AUTO_INCREMENT=517;
--
-- AUTO_INCREMENT for table `table_contact`
--
ALTER TABLE `table_contact`
  MODIFY `id` int(11) NOT NULL AUTO_INCREMENT, AUTO_INCREMENT=3;
--
-- AUTO_INCREMENT for table `table_dislike`
--
ALTER TABLE `table_dislike`
  MODIFY `id` int(11) NOT NULL AUTO_INCREMENT, AUTO_INCREMENT=89;
--
-- AUTO_INCREMENT for table `table_download`
--
ALTER TABLE `table_download`
  MODIFY `id` int(11) NOT NULL AUTO_INCREMENT, AUTO_INCREMENT=2;
--
-- AUTO_INCREMENT for table `table_like`
--
ALTER TABLE `table_like`
  MODIFY `id` int(11) NOT NULL AUTO_INCREMENT, AUTO_INCREMENT=244;
--
-- AUTO_INCREMENT for table `table_love`
--
ALTER TABLE `table_love`
  MODIFY `id` int(11) NOT NULL AUTO_INCREMENT, AUTO_INCREMENT=15;
--
-- AUTO_INCREMENT for table `table_newsletter`
--
ALTER TABLE `table_newsletter`
  MODIFY `id` int(11) NOT NULL AUTO_INCREMENT, AUTO_INCREMENT=7;
--
-- AUTO_INCREMENT for table `table_pdf`
--
ALTER TABLE `table_pdf`
  MODIFY `id` int(11) NOT NULL AUTO_INCREMENT, AUTO_INCREMENT=9;
--
-- AUTO_INCREMENT for table `table_subject`
--
ALTER TABLE `table_subject`
  MODIFY `id` int(11) NOT NULL AUTO_INCREMENT, AUTO_INCREMENT=5;
--
-- AUTO_INCREMENT for table `table_viewedby`
--
ALTER TABLE `table_viewedby`
  MODIFY `id` int(11) NOT NULL AUTO_INCREMENT, AUTO_INCREMENT=278;
--
-- AUTO_INCREMENT for table `user_list`
--
ALTER TABLE `user_list`
  MODIFY `id` int(11) NOT NULL AUTO_INCREMENT, AUTO_INCREMENT=5;
/*!40101 SET CHARACTER_SET_CLIENT=@OLD_CHARACTER_SET_CLIENT */;
/*!40101 SET CHARACTER_SET_RESULTS=@OLD_CHARACTER_SET_RESULTS */;
/*!40101 SET COLLATION_CONNECTION=@OLD_COLLATION_CONNECTION */;
